RECID,FIRSTNAME,LASTNAME,ADDRESS,CITY,STATE,ZIP,SSN,IDTRUTH
A994281,BARBIE,CHAVZE,11R881 GULF POINTE DR,HOUSTON,TEXAS,77089,,1
A993286,,CHAVEZ,4149 WALSH LN,GRAQND PRAIRIE,TEXAS,75052,10525947,1
A969374,BRABARA,CHAVEZ,2943 N COTTONWOOD ST,ORANGEC,CALIFORNIA,92865,100525974,1
A968925,,CHAVEZ,2943 N COTTONWOOD ST,ORANGE,CALIFORNIA,92865,,1
A935183,BARBARA,CHAVEZ,11881 GULF POINTE DR,HOUSTON,TEXAS,77089,10525974,1
A933400,BARBY,CHAVEZ,11881 GULF POINTE DR,HOUSTON,TEXAS,77089,10552974,1
A915784,B,CHAVEZ,9247 TOBIAES AVE,PNORAMA CITY,CALIFORNIA,91402,10525974,1
A912969,BARBAAR,MYERS-CHRISTIAN,3536 N BERLIN AVE,FRESNO,CALIFORNIA,93722,10525974,1
A976269,CLYDE,MYERS-CHRISTIAN,10237 CASANES AVE,DOWNEY,CALIFORNIA,90241,10534576,2
A950002,CLYDE,MYERS-CHRISTIAN,3536 N BERLINAV,FRESNO,CALIFORNIA,93722,10534576,2
A938933,CLYDE,MYERS-CHRISTIAN,9247 TOBIAS AVE,ANORAMA CITY,CALIFORNIA,91402,10354576,2
A916465,CLYDE,MYERS-CHRISTIAN,2943 N COTTONWOOD ST,ORANGE,CALIFORNIA,92865,10534576,2
A912375,M,MYERS-CHRISTIAN,2943 N COTTONWOOD ST,ORANGE,CALIFONIA,92865,,2
A969253,,PERIEZ,18725 E LINFIELD ST,AZUSA,CAD,91702,,3
A934050,MARCELA,VILLA,18725 E LNFIELD ST,AZUSA,CALIFORNIA,91702,10554596,3
A919621,MARCELA,VILLA,18725 E LINFIELD ST,AZUSA,CALIFORNIA,91702,10554596,3
A985408,LUIS,PEREZ,333 W GARVEY AVE,MONTEREY PARK,CALIFORNIA,91754,,4
A984365,LUIS,PREEZ,18725 E LINFIELD ST,AZUSA,CALIFORNIA,91702,10556754,4
A981834,LIUS,PEREZ,742 LIMESTONE AVE,LATHROP,CALIFORNIA,95330,10556754,4
A971286,LUIS,PEEZ,4265 NORH CORDOBA ST,SPRING VALLEY,CALIFORNIA,91977,10565754,4
A934452,LUIS,PEREZ,4265 N CORDOBA ST,SPRING VALLY,CALIFORNIA,91977,10556754,4
A928400,,PEREZ,742 LIMESTONE AVE,LATHROP,CALIFORNIFA,95330,10556754,4
A925730,LUIS,PEREZ,4265 N CORDOBA ST,SPRING VALLEY,CALIFORNIA,91977,,4
A918703,LUIS,PEREZ,1872 E LINFIELD ST,AZUSHA,CALIFORNIA,91702,10556754,4
A991944,ERNE,HENRY,11 BURLWOOD CT,PITTSBURG,CALIFORNIA,94565,10560983,5
A982475,RENE,HENRY,11 BURLWOOD CT,PITTSBURG,CALIFORNIA,94565,10560983,5
A981547,REEN,HENRY,231 W TARRINGTON DR,DELANID,FLORIDA,32724,10560983,5
A934206,RENE,HENRY,2869 EL MONTE WAY,SAN JOSE,CALIFORNIA,95127,,5
A916427,RENE,HENRY,11 BURLWOOD CT,PITTSBURG,CALIFORNIA,94565,10560983,5
A910851,R,HENRY,41 FPREEMONT TURN,PALM COAST,FLORIDA,32137,,5
A965405,CLINTON,REYES,190T11 DIABLO RD,MADERA,CALIFORNIA,93638,10608985,6
A963724,R,REYES,41 FREEMONT TURN,PALM COAS,FLORIDA,32137,10608985,6
A938598,LCINTON,REYES,4781 CLIRE DR,OCEANSIDE,CALIFORNIA,92057,10608985,6
A921197,C,REYES,9011 DIABLO RD,MADERA,CALIFORNIA,93638,10680985,6
A909439,CLINTON,REYES,4781 CLAIRE DR,OCEANSIDE,CALIFORNIA,92057,10608985,6
A966209,DIANNE,TURCOTTE,1389 DOVE CANYON WY,RANCHO CUCAMONGA,CALIFORNIA,91739,100622251,7
A914190,D,TURCOTTE,1826 FANTASY WOODS DR,HOUSTON,TFX,77094,10622215,7
A948251,BARRY,CROOK,13889 DOVE CANYON WAY,RANCHO CUCAMONGA,CALIFORNIA,91739,10623818,8
A910547,BARRY,CROOK,1342 W 35TH ST,LOS ANGELES,CALIFORNIA,90007,10628318,8
A931685,GALDYS,BARAONA,25200 SANTA CLARA ST,HAYWARD,CLIF,94544,10652417,9
A921897,GLADYS,BARAONA,1111 SHAWNEE S,HOUSTON,TEXAS,77034,1625417,9
A934202,MICHAEL,DANIELS,375 ARBUCKLE BRANCH RD,SEBRING,FLORIDA,33870,10641563,10
A929987,MICHAEL,DANIELS,9426 NW 2ND,MIAI SHORES,FLORIDA,33150,10641563,10
A925523,MICHAEL,DANIELS,9426 NW 2ND PLACE,MIAMI SHORES,FLORIDA,33150,,10
A925340,MICHAEL,DAINELS,9426 NW 2ND PL,MIAMI SHORES,FLORIDA,33150,10641563,10
A945431,TERESITA,RYO,7021 WESTBURY DR,AMARILLO,TEXAS,79109,10643883,11
A942867,T,VENTURA,14955 AVENIDA VENUSO,SAN DIEGO,CALIFORNIA,92128,10643883,11
A931477,TERESITA,VENTURA,7021 WESTBURY DR,AMARILLO,TEXAS,79109,10643883,11
A993595,C,BRIAN,43 WARREN DR,LITTLE ROCK,ARKANSAS,72209,10651438,12
A974138,BRYANT,ROY,43 WARREN DR,LITTLE ROCK,ARKANSAS,72209,10651483,12
A965184,BRYANT,ROY,7508Q TAXCO DR,EL PASO,TEXAS,79915,,12
A958592,BRYANT,ROY,43 WARREN DR,LITTLE ROCK,ARKANSAS,72209,10651483,12
A919450,C,ROY,2507 S J ST,ROGERS,ARKANSAS,72758,10651483,12
A961997,KHANTONG,RAMIREZ,1760 E COMMONWEALTH AVE,FULLERTON,CALIFORNA,92831,10703699,14
A950269,KHANTONG,RAMIREZ,340 S ST AINDREWS PL,LOS ANGELES,CALIFORNIA,90020,,14
A930345,KHANTONG,RAMIREZ,22150 STAGG ST,CANOGA PARK,CALIFORNIA,91304,,14
A919072,KHANTONG,ARMIREZ,22150 STAGG ST,CANOGA PARK,CALIFORNIA,91304,10703699,14
A962836,DAYLE,BONSAL,3937 GIBURALTAR AVE,LOS ANGELES,CALI,90008,,15
A919968,DAYLE,BONSAL,3937 GSIBRALTAR AVE,LOS ANGELES,CALIFORNIA,90008,10705862,15
A919733,DAYLE,BONSAL,3937 GIBRALTAR AVE,LUOS ANGELES,CALIFORNIA,90008,,15
A911379,DAYLE,BONSAL,11903 LAUREL AVE,WHITTIER,CALIFORNIA,90605,,15
A987908,PATRICIA,TENISON,4338 AGNES AVE,LYNWOOD,CALIFORNIA,90262,10716367,16
A934347,PATIRCIA,TENISON,4338 AGNES AVE,LYNWOOD,CALIFORNIA,90262,10716367,16
A932311,PATRICIA,TENIOSN,820 W LINCOLN WAYK,GALT,CALIFORNIA,95632,10716367,16
A930304,PATRICIA,TENISON,12724 MERCER ST,PACOIMA,CALIFORNIA,9331,10716367,16
A914964,PATRICIA,TENSION,820 W LINCOLN WAY,GALT,C,95632,10761367,16
A913272,TRIXIE,TENISON,820 W LINCOLN WAY,GALT,CALIFORNIA,95632,10716367,16
A958444,DONALD,HUNTER,613 CAPITOL ST,VALLEJO,CALIFORNIA,94590,100716464,17
A955230,DONALD,HUNTER,613 CAPITOL ST,VALLEJO,CALIFORNIA,94590,10716464,17
A954893,DONALD,H,426 MOORELAND ST,EL PASO,TEXAS,79907,,17
A953220,DONALD,HUNTER,613 CAPITOL ST,VALLEJO,CALIFORNIA,94590,1716464,17
A952310,DONALD,HUNTER,426 MOOREAND ST,EL PZASO,TEXAS,79907,10716464,17
A936040,,HUNTER,426 MOORELAND ST,EL PASO,TEXAS,79907,10716644,17
A978841,ROSLAIA,TARGOWSKI,637 ALAMO CT,OAKDALE,CALIFORNIA,95361,10720797,18
A975778,ROSALIA,TARGXOWSKI,7308 DE SOTO AVE,CANOGA PARK,CALIFORNIA,91303,10720797,18
A958632,ROSALIA,TARGOWSKI,1900 POST RD,MELBOURNE,FLORIDA,32935,,18
A956877,RSOALIA,TARGOWSKI,7308 DE SOTO AVE,CANOGA PARK,CALIFORNIA,91303,10727097,18
A951129,ROSALIA,TARGOWSKI,637 ALAMO CT,OAKDALE,CALIFORNIA,5361,10720797,18
A945707,ROSALIA,TAROGWSKI,7308 DE SOTO AVE,CANOGA PARK,CALIFORNIA,91303,,18
A917347,R,TARGOWSKI,2672 MACGREGOR OURT,MODESTO,CALIFORNIA,95350,10720977,18
A906334,ROSALIA,TARGOWSIK,637 ALAMO,OAKDALE,C,95361,10720797,18
A989172,MARK,GONZALES,1900 POST RD,MELBOYURNE,FLORIDA,32935,,19
A985872,MARK,GONZALES,11494 HUNTINGTON VILLAGE LANE,GOLD RIVER,CALIFORNIA,95670,10730206,19
A983420,MARK,GONZALES,11494 HUNTINGTON VILLAGE LN,GOLD RIVER,CALIFORNIA,95670,100730206,19
A973515,MARK,GONZALES,VILLAGE LANE,GOLD RIVER,CALIFORNA,95670,1730206,19
A935914,MARK,GONZALES,1900 POST RD,MELBOURNE E32935,FLORIDA,,10730026,19
A933977,MARK,GONZAELS,1900 POST RD,MELBOURNE 3W2935,FLORIDA,,10730206,19
A942416,M,ZUCCARELLO,14 RIVER RD,STUTTGART,ARKANSAS,72160,10748283,21
A931262,ROSA,GARRETT,1202 OLGA MAPULA DR,EL PASO,TEXAS,79936,10750565,22
A916614,ROSA,GARRETT,3754 ARLINGTON CIR,PITTSBURG,CALIFORNIA,94565,,22
A915147,ROSA,GARRETT,3754 ARLINGTON CIR,PITTSBURG,CALIFORNIA,94565,10750556,22
A992920,DANK,WAR,2747 COUNTY ROAD 425,JONESBORO,ARO,72404,17060378,23
A984241,DANIEL,WAR,1905 N HIGHWAY A1A,IRNDIALANTIC,FLORIDA,32903,,23
A973001,DANIEL,WAR,3308 BUNKER HIL DR,NORTH LITTLE ROCK,ARKANSAS,72116,,23
A954485,DANIEL,WAR,6825 HENDRY DR,LAKE WORTH 3346E3,FLORIDA,,,23
A946788,DANNY,AWR,2747 COUNTY RD,JONESBORO 724U04,ARKANSAS,,10760387,23
A980433,MELCHOR,ESPARZA,644 MCKINLEY CT,KISSIMMEE,FLORIDA,34758,10774429,24
A929529,,ESPARZA,1102 SPRING LITE WAY,ORLOANDO,FLORIDA,32825,10747429,24
A921791,E,MELCHOR,644 MCKINLEY CT,KLISSIMMEE,FLORIDA,34758,10774429,24
A916652,M,ESPARZA,644 JMCKINLEY CT,KISSIMMEE,FLORIDA,34758,10774492,24
A998191,DEE,BLANKENSHIP,783 BRIDGESTONE TER,JACKSONVILLE,FLORIDA,32216,10779005,25
A966950,DOROTHY,CAPETILLO,3465 PLANTATION DR,SARASOTA,Y FL,34231,10779005,25
A938252,DOROTHY,BLANKESHIP,2517 VINSON AVE,SARASOTA,FLORIDA,34232,10779005,25
A990098,JEFF,CAPETILLO,3465 PLANTATION DR,SARASOTA,FLORIDA,34231,10782449,26
A967741,,CAPETILLO,1408W PELTON AVE,MODESTO,CALIFORNIA,95351,17082449,26
A996590,RONALD,OLIVER,110 BOWEN RD,LONOKE,ARKANSAS,72086,10788815,27
A987083,I,OLIVER,2115 FAIR PARK BLVD,LITTLE ROCK,ARKANSAS,72204,100788815,27
A951564,VERONICA,OLIVER,15662 HIGHWAY 9 N,MAMMOTH SRING,ARKANSAS,72554,,27
A930576,VERONICA,OILVER,75 LAKEVIEW DR,CAVE CITY,ARKANSAS,72521,10788815,27
A919949,RONNIE,OLIVER,15662 HIGHWAY9 N,MAMMOTH SPRING,ARKANSAS,72554,10788815,27
A986267,E,AYALA,11120 COLLEGE AVE,MONTCLAIR,CALIFORNIA,91763,,28
A951553,J,B,11120 COLLEGE ANUE,MONTCLAIR,CALIFORNIA,91763,10796379,28
A946441,ELVIA,AYALA,11120 COLLEGE AVE,MONTCLAIR,CALIFORNIA,91763,10796379,28
A946182,ELVIA,AYALA,4620 ALGER ST,LOS ANGELES,CALIFORNIA,90039,10796379,28
A945781,ELVIA,AYALA,58W02 SEACOMBER PL,SAN ANTONIO,TEXAS,78242,10796379,28
A944197,ELVIA,AYALA,136 CREEKVIEW DR,VALLEJO,CALIFORNIA,94591,,28
A939758,E,AYALA,1010 PALM DESERT DR,GARLAND,TEXAS,75044,10796379,28
A933468,ELVIA,AYALA,1010 PALM DESERT DR,GARLAND,TEXAS,75044,10796379,28
A919380,ELVIA,APYALA,1010 PAM DESERT DR,GARLAND,TEXAS,75044,10796379,28
A942004,A,MATTHEW,4620 ALGER ST,LOS ANGELES,CALIFORNIA,90039,10814853,29
A907735,A,BRYAT,4714 RUMBLING CANYON CT,KATY,TEXAS,77449,10814853,29
A905129,MATTHEW,BRYANT,4714S RUMBLING CANYON CT,KATY,TEXAS,77449,10184853,29
A967887,CECILIA,OSORIO,955 DOTTEREL RD,DELRAY BEACH,FLORIDA,33444,10817820,30
A954497,CECILIA,OSORIO,955 DOTTTEREL RD,DELRAY BEACHG,FLORIDA,33444,10817802,30
A949183,CECILIA,OSORIO,523 S FRANCISCA AVE,REDONDO BEACH 90277K,CALIFORNIA,,,30
A945278,CELIA,OSORIO,1807 SCOTTSDALE DR,ARLINGTON,TEXAS,76018,10817820,30
A916823,CECILIA,OSORIO,8000 HIDDEN BROOK DR,FORT WORTH,TEXAS,76120,10817802,30
A913800,CECILIA,BAPTISTE,955 DOTTEREL RD,DELRAY BEACH,FLORIDA,33444,10817802,30
A910648,CELIA,OSORIO,1807 SCOTTSDALE DR,ARLINGTON,TEXAS,76018,,30
A994812,RALPH,BAPTISTE,955 DOTTEREL RD,DELRAY BEACH,FLORIDA,33444,1822095,31
A983821,RALPH,BAPTISTE,400 VALENCIA DR,MAUMELLE,ARKANSAS,72113,,31
A957516,RALPH,BAPTISTE,400 VALENCIA DR,MAUMELLE,ARKANSAS,72113,10822095,31
A955686,RALPH,BAPTISTE,6625 17TH ST S,SAINT PETERSBURG,FLORIDA,33712,,31
A951455,RALPH,BAPTISTE,955 DOTTEREL RD,DELRAY BEACH F,,33444,,31
A933671,RALPH,BAPTISTE,8290 VALLE PLACIDO DR,EL PASO,TEXAS,79907,10822095,31
A923290,RALPH,BAPTISTE,12614 ARROWHEAD CIRC,LAREDO,TEXAS,78045,10822095,31
A919294,RALPH,BAPTISTE,38125 TIMBFERLANE DR,UMATILLA,FLORIDA,32784,10822095,31
A919269,RALPH,BAPTISTE,12614 ARROWHEAD CIR,LAREDO,TEXAS,7804,,31
A918138,RALPH,BAPTISTE,152 QUAPAW DR,BRYANT,ARKANSAS,72022,10822095,31
A915912,RALPH,BAPTISTE,400 VALENCIA DR,MAUMELLE,ARKANSAS,72113,10822095,31
A991652,BELEN,LEWIS,418 SE DOAT ST,PORT SAINT LUCIE,FLORIDA,34983,10840660,32
A984597,BELEN,HORTON,1577 POMEROY AVE,SANTAB CLARA,CALIFORNIA,95051,10840660,32
A950359,BELEN,LEWIS,1577 POMEOY AVE,SANTA CLARA,CALIFORNIA,95051,10840606,32
A935496,BELEN,LEWIS,1577 POMEROY AVE,SANTA CLARA,CALIFORNIA,95051,,32
A912274,B,LEWIS,1508 SAN ANTONIO AVE,MENLO PARK,CALIFORNIA,94025,10840660,32
A981463,EARL,HORTON,4574 N HTAZEL AVE,FRESNO,CALIFORNIA,93722,18048702,33
A911664,EARL,HORTON,4574 N HAZEL AVE,FRESNO,CALIFORNIA,93722,10848702,33
A928742,SLAVADOR,CAPPS,24311 GRASS ST,AKE FOREST,CALIFORNIA,92630,10850038,34
A985507,EVERARDO,NAVARRO,710 N GENESEE AVE,LS ANGELES,CALIFORNIA,90046,10852785,35
A965079,MARTHA,AMPEREZ,108 E CHURCH ST,GAINESVILLE,TEXAS,76240,,36
A954699,MART,COLLINS,108 E CHURCH,GAINESVILLE,TEXAS,76240,10890760,36
A949033,MARTHA,COLLINS,108 ECHURCH ST,GAINESVILLE,TEXAS,76240,10890760,36
A943895,MARTHA,COLLINS,1319 10TH AVE,SAN FRANCISCO,CALIFORNIA,94122,,36
A941560,MARTHA,AMPEREZ,218 W SILVER SANDS DR,SAN ANTONIO,TEXAS,78216,,36
A915811,MARTHA,COLLINS,218 W SILVER SANDS DR,SAN ANTONIO,TEXAS,78216,10890760,36
A964112,FRANCIS,AMPEREZ,3937 LUKE LN,CARROLLTON,TEXAS,75007,,37
A951655,FRANK,AMPEREZ,108 E CHURCH ST,GAINESVILLE,TEXAS,76240,10894193,37
A938763,FRANCIS,AMPEREZ,9221 SW 149TH CT,MIAMI,FLORIDA,33196,10894193,37
A928605,FRANCIS,AMPEREZ,108 E CHURCH ST,GAINESVILLE,TEXAS,76240,10894193,37
A912446,FRANCIS,AMPEREZ,1161 SW ESTAUH AVE,PORT SAINT LUCIE,FLORIDA,34953,10894193,37
A993869,LUCIA,WILSON,503 BEAVERS ST,WARREN,ARKAN,71671,10896980,38
A973232,LUCIA,WILSON,6009 MADISON COUNTY ROAD,HUNTSVIPLLE,ARKAN,72740,10896980,38
A971069,LUCIA,WILSON,20672 SOUTHWOOD OAKS DR,PORTE,TEXAS,77365,1896980,38
A966807,LUCIA,WILSON,12006 MOUNTAIN RIDGE RD,HOUSTON,TEXAS,77043,10896980,38
A960175,LUCIA,OSTER,T20672 SOUTHWOOD OAKS DR,PORTER,TEXAS,77365,10896980,38
A954327,LUCY,WILSON,1I500 MAGRUDER ST,EL PASO,TEXAS,79925,10896980,38
A932865,R,FOSTER,20672 SOUTHWOOD OAJKS DR,PORTER,TEXAS,77365,10896980,38
A992644,ALBERT,FOTSER,12006 MOUNTAIN RIDGE RD,HOUSTON,TEXAS,77043,10906278,39
A968130,BIRD,FOSTER,20672 SOUTHWOOD OAKS DR,PORTER,TEXAS,77365,10906287,39
A953658,ALBERT,FOSTER,2062 SOUTHWOOD OAKS DR,PORTER,TEXAS,77365,10906278,39
A925863,ALBERT,FOSTER,1500 MAGRUDER ST,EL PASO,TEXAS,79925,1906278,39
A921686,ALBETR,FOSTER,5716 CEDAR GLEN LANE,BAKERSFIELD,CALIFORNIA,93313,,39
A918787,ALBERT,FOSTER,20672 SOUTHWOOD OAKS DR,PORTER,TEXAS,77365,,39
A978629,COREY,WADDELL,541 SOUTHEASRT 4TH ST,HIALEAH,FLORIDA,33010,10910793,40
A970526,C,WADDELL,869 SHOSHONE LN,MELBOURNE,FLORIDA,32904,10910793,40
A949419,COREY,WADDELL,869 SHOSHONE LN,MELBOURNE,FLORIDA,32904,10190793,40
A973956,CANDACE,QUILES,1475 W 46TH ST,HIALEAH,FLWORIDA,33012,10935242,41
A956011,CANDY,QUILES,17825 SW 1ST ST,PEMBROKE PINES,FLORIDA,33029,10935422,41
A950907,CANDACE,QUILES,98 BIRCH AVE,ORANGE CITY,FLORIDA,32763,10395422,41
A938166,CANDACE,QUILES,821 E 116TH PL,LOS ANGELES,CALIFORNIA,90059,10935422,41
A934693,DACEY,QUILES,1894 HARTFORD ST,SALINAS Z,CALIFORNIA,93906,10935422,41
A925777,CANDACE,QUILES,1894 HARTAFORD ST,SALINAS,CALIFORNIA,93906,,41
A918704,CANDACE,QUILES,17825 SW 1ST ST,PEMBROKE PINES,FLORIDA,33029,,41
A916657,CANDACE,QUILES,1475 W 46TH ST,HIAEAH,FLORIDA,33012,10935422,41
A904736,CANDACE,QUILES,1475 W 4TH ST,HIALEAH Y33012,FLORIDA,,10935422,41
A997290,FRANCISCO,URBANSKI,10808 FOOTHILL BLVD,RANCHO CUCAMONGSA,CALIFORNIA,91730,,42
A992480,FRANCISCO,URBANSKI,1894 HARTFORD ST,SALINAS,CALIFORNIA,93906,10946665,42
A969999,F,URBANKSI,1894 HARTFORD ST,SALINAS,CALIFORNIA,93906,10496656,42
A967414,FRANCISCO,URBANSKI,1894 HARTFOR ST,SALINAS,CALIFORNIA,93906,10946656,42
A927802,FRANCISCO,URBANSI,10808 FOOTHILL BLVD,RANCHO CUCAMONGA,CALI91730,,,42
A923672,FRANCISCO,URBANSKI,10808 FOOTHILL BLVD,RANCHO CUCAMONGA,CALIFORNIA,1730,10946656,42
A966679,GRACIELA,ALBRIGHT,1210 VENICE BLVD,VENICE,CALIFORNIA,90291,10948189,43
A964503,A,A,2512 DARTMOUTH CT,BEDFORD,TEXAS,76022,10948189,43
A956581,GRACIELA,ALBRIGHT,2512 DARTMOUTH CT,BEDFORD,TEXAS,76022,19048189,43
A948312,A,HOANG,1210 VENIICE BLVD,VENICE,CALIFORNIA,90291,,43
A948020,GRACIELA,HOANG,1210 VENICE BLVD,VENICE,CALI,90291,,43
A990775,JUAN,HOANG,1210 VENICE BLVD,VENICE,CALIFORNIA,90291,10949776,44
A959018,JUAN,HOANG,2920 POINT E,AVENTURA,FLORIDA,33160,,44
A939834,JUNA,H,1210 VENICCE BLVD,VENICE,CALIFORNIA,90291,,44
A915657,JUAN,HOAGN,Z2920 POINT EAST DR,AVENTURA,FLORIDA,33160,,44
A985927,DONNA,HOCK,7474 BOTANICA PARKWAY,SARASOTA,FLORIDA,34238,19064979,45
A953110,D,HOCK,6268 BELYL ST,VENTURA,CALIFORNIA,93003,10964799,45
A922420,DONNA,HOCK,930 N 32ND AVE,HOLLYWOOD,FLORIDA,33021,10964997,45
A997754,JULIAN,TARCY,681 W RENETTE VENUE,EL CAJON Z92020,CALIFORNIA,,10966971,46
A991050,JULIAN,TRACY,15313 MAUNA LOA ST,HESPERIA,CALIFORNIA,92345,10966971,46
A966759,WYNNETH,GOODWNI,1680 INGS CT,TITUSVILLE,FLORIDA,32780,10984224,47
A963853,WYNNETH,GOODWIN,2277 N FORSYTH RD,ORLANDO 32M807,FLORIDA,,,47
A908338,WYNNETH,GOODWIN,5445 LSANDRA DR,TITUSVILLE,FLORIDA,32780,10984224,47
A987545,PEARLETHA,GRYA,208 BELLINGHAM CT,LINCOLN,CALIFORNIA,95648,11011836,48
A960821,PEARLETHA,GRAY,208 BELLINGHAM CT,LINCOLN,CALIFORNIA,95648,11011836,48
A958194,PEARLETHA,GAY,740 BROADWAY,SAN FRANCISCO,CALIFORNIA,94133,11011836,48
A915089,PEARLETHA,GRAY,740 BROADWAY,SAN FRANCISCO,CALIFORNIA,94133,11011836,48
A906528,PEARLETHA,GRAY,4800 TIFFANY WAY,FAIR OAKS,CALIFORNIA,95628,11011836,48
A939702,JANET,GUEVARRA,1603 ARMIJO CT,FAIRFIELD,CEALIF,94534,11022630,49
A914678,JANET,GUEVARRA,2100 PLEASANT HILLRD,KISIMMEE,FLORIDA,34746,11022360,49
A996906,A,DOWNS,1458 VISCAYA DR,PORT CHARLOTTE,FLORIDA,33952,11032357,50
A994774,JESUS,DOWNS,2706 18TH ST W,LEHIGH ACRES,FLORIDA,33971,,50
A955379,JESUS,DOWNS,2706 18TH ST W,LEHIGH ACRES K33971,FLORIDA,,11032357,50
A942088,J,DOWNS,15471 SW 36TH TER,MIAMI,FLORIDA,33185,,50
A928635,J,DOWNS,270618TH ST,LEHIGHB ACRES,FLORIDA,33971,,50
A922215,JESUS,DOWNS,2100 PLEASANT HILL RD,KISSIMMEE,FTL,34746,11032375,50
A974658,MARCELINA,SCHMOLDT,4748 MOY CT,ORLANBDO,FLORIDA,32811,11051119,51
A970844,MARCELINA,SCHMOLDT,908 WENDY HOPE DR,GIALT,CALIFORNIA,95632,11051191,51
A953009,M,SCHMOLDT,98 WENDY HOPE DR,GALT,CALIFORNIA,95632,11051119,51
A952273,MARCELINA,SCHMOLDT,4616 IRVING ST,SAN RANCISCO,CALIFORNIA,94122,11051119,51
A910826,MARCELINA,SCHMOLDT,4616 RVING ST,SAN FRANCISCO,CALIFORNIA,94122,11051119,51
A997252,J,JACKSON,4748 AMOY CT,ORLANDO,FLORIDA,32811,11061768,52
A992435,JAMES,JACKSNO,703 WASHINGTON ST,NEW SMYRNA BEACH,FLORIDA,32168,11061768,52
A981025,JAMIE,AJCKSON,6537 BONNER AVE,NORTH HOLLYWOOD,CALIFORNIA,91606,11061768,52
A952231,JAMES,JACKSON,703 WASHINGTON ST,NEW SMYRNA BEACH,FLORIDA,32168,,52
A929832,JAMES,JACKSON,6537 BONNER AVE,NORTH HOLLYWOOD,CALIFORNIA,91606,11067168,52
A925734,JIM,JACKSON,A26647 9TH ST,HIGHLAND,CALIFORNIA,92346,11061768,52
A920884,BUFORD,JACKSON,6537 BONNER AVE,NORTH HOLLYWOOD,CALIFORNIA,91606,11061768,52
A919368,JAMIE,JACKSON,26647 9TH ST,HIGHLAND 923H46,CALIFORNIA,,,52
A917220,JIM,JACKSON,703 WASHINGTON ST,NEW SMYRNA BEACH,FLORIDA,32168,11067168,52
A994881,LANSANA,WILLIAMS,10312 PARISE DR,WHITTIER,CALIFORNIA,90604,11067730,53
A993239,LANSANA,WILLIAMS,3441 MAYFAIR DR,SACRAMENTO,CALIFORNIA,95864,11076730,53
A981629,LANSANA,WILLIAMS,1900 EMERALD LN,GARDENA,CALIFORNIA,90247,11076703,53
A953034,LANSANA,WILLIASM,6051 FGREENRIDGE RD,CASTRO VALLEY,CALIFORNIA,9552,11076730,53
A985310,ISABEL,FAUCETTE,1E228 HILLSBORO MILE,HILLSBORO BEACH,FLORIDA,33062,11079371,54
A964400,A,FARRELLY,1228 HILLSBORO MILE,HILLSBORO BEACH,FLORIDA,33062,11079731,54
A926283,ISABEL,FAUCETTE,1228 HILLSBORO MILE,HILLSBORO BEACH,FLORIDA,33062,11079731,54
A974585,RICHARD,FARRELLY,228 E 8TH ST,SAN JUAN,TEXAS,78589,11084864,55
A953163,J,FARRELLY,1228 HILLSBORO MILE AVPT,HILLSBORO BEACH,FLORIDA,3062,11084864,55
A935397,RICHARD,FARRELLY,1228 HILLSBORO MILE,HILLSBOO BEACH,FLORIDA,33062,11084864,55
A933990,J,RICHARD,1228 HILLSBORO MILE,HILLSBORO BEACH L,,33062,11084864,55
A979741,HANEEF,RIVERA,9914 BUENA ISTA AVE,SANTEE,ALIF,92071,11096652,56
A967036,HANEEF,RIVERA,9914 BUENA VISTA AVE,SANTEE,CALIFONIA,92071,,56
A945507,HNAEEF,RIVEA,9914 BUENA,SSANTEE,CALIFORNIA,92071,,56
A914566,HAENEF,RIVERA,24 WENTWRTH PL,SAN FRANCISCO,CALIFORNIA,94108,11096652,56
A996576,M,STACEY,5 DONNA WAY,MISSION HILLS,CALIFORNIA,91345,,57
A973266,STACEY,HAMILTON,5 DONNA WAY,MISSION HILLS,CALIFORNIA,91345,11103308,57
A969902,STACEY,HAMLITON,5 DONNA WAY,MISSION HILLS,CALIFORNIA,91345,11103308,57
A988908,HECTOR,S,1U1481 TWIN HILLS AVE,NORTHRIDGE,CALIFORNIA,91326,11103641,58
A962610,HECTOR,SCHOONOVER,11481 TWIN HLLS AVE,NORTHRIDGE,CAGLIFORNIA,91326,11103641,58
A928901,HECTOR,SCHOONOVER,10021 BEXLEY DR,SACRAMENTO,CALIFORNIA,95827,11103641,58
A925655,HECTOR,SCHOONOVER,11481 TWIN HILLS AVE,NORTHRIDGE,CALIFORNIA,91326,,58
A998189,LYNDA,ANDERSON,10319 BLACK WAFLNUT DR,DALLAS,TEXAS,75243,11106327,59
A995947,L,ANDERSON,5137 JM BROWNING SHTRT,EL PASO,TEXAS,79938,,59
A986272,LYNDA,ANDERSON,5137 JM BROWNING ST,EL PASO,TEXS,79938,,59
A961509,LYNDA,ANDERSON,413 SUNSET HILLS DR,EL PASO,TEXAS,79928,,59
A955918,LYNDA,ANDERSON,22 MAPLE BRANCH ST,SPRING,TEXAS,77380,11106327,59
A955614,LYNDA,ANDERSNO,22 MAPLE BRANCH ST,SPRING,TEXAS,77380,,59
A945410,L,ANDERSON,1111 NIKKI LN,STAFFORD,TEXAS,77477,,59
A939757,LYNDA,ANDERSON,1111 NIKKI LN,STAFFORD 77M477,TEXAS,,11106327,59
A931094,L,ANDERSON,1111 NIKKI LNB,STAFFORD,TEXPAS,77477,11106327,59
A920607,LYNDA,ANDERSON,5137 JM BROWNING STRET,EL PASO,TEXAS,79938,11106327,59
A915059,LYNDA,PIERRE-CANEL,413 SUNSET HILLS DR,EL PASO,TEXAS,79928,11106327,59
A908621,LYNDA,ANDERSON,22 MAPLE BRANCH STIR,SPRING,TEXAS,77380,11106327,59
A990426,DAVID,PIERRE-CANEL,576 ORTEGA TRT,SAN FRANCISCO,CALIFORNIA,94122,11117262,60
A970293,R,PIERRE-CANEL,576 ORTEGA ST,SAN FRANCISCO,CALIFORNIA,94122,11117262,60
A969700,DAVY,PIERRE-CANEL,303 N PROSPERO DR,COVINAC,CALIFORNIA,91723,11117262,60
A950600,DAVY,PIERRE-CANEL,2312 OSETTI CT,MODESTO,CALIFORNIA,95355,11117262,60
A940795,DAVDI,PIERRE-CANEL,Q2 FLAGSTONE,IRVINE,CALI 92Y606,,101117262,60
A991825,VERNA,DELINOIS,3708 BECONTREE PL,OVIEDO,FLORIDA,32765,,61
A984649,LAVERNE,DELINOIS,1439 SARA CT,ALLEN,TEXAS,75002,11122772,61
A978855,LAVERNE,DELINOIS,87 SO VESPER BEND CIR,THE WOODLANDS,TEXAS,77382,11122772,61
A958095,LAVERNE,DELAY,3708 BECONTREE PL,OVIEDO,FLORIDA,32765,,61
A955358,L,VERNA,3708 BECONTREE PL,OIEDO,FLORIDA,32765,11122772,61
A946583,L,DELINOIS,1439 SGARA CT,ALLEN,TEXAS,75002,101122772,61
A929081,LAVERNE,DELINOIS,1439 SARA CT,ALLEN,TEXAS,75002,11122772,61
A913655,LAVERNE,DELINOIS,31 E,BROWNSBORO,TEXAS,75756,11122772,61
A953598,JAMES,DELAY,11309 SAGER AVE,FONTANA,CALIFORNIA,92337,11126708,62
A947606,JAMES,DELAY,10915 N BLVD,TAMPA,FLORIDA,33612,11126708,62
A939374,JAMES,DELAY,50 CHRISTEN AVE,DALY CITY,CALI,94015,11126708,62
A931299,L,DEALY,3708 BECONTREE PL,OVIEDO,FLORIDA,32765,11126708,62
A932391,ROSA,HAMES,7236 GREENHAVEN DR,SACRAMENTO,CALIFORNIA,95831,11129837,63
A989439,JOSE,DHALA,11624 JOLLYVILLGE RD,AUSTIN,TEXAS,78759,11138795,64
A937048,JOSE,DHALA,880 ARROW DR,COPPERAS COVE,TEXAS,76522,11138795,64
A919900,JOSE,DHALA,8854 HOOPER AVE,LOS ANGELES,CALIFORNIA,90002,11138759,64
A996979,K,ENNIS,6X808 N HALF MOON DR,BAKERSFIELD,CALIFORNIA,93309,11155004,65
A993844,KENDRA,LONS,8570 LAKE KNOLL AVE,GARDEN GROVE,CALIFORNIA,92844,11155004,65
A987792,KENDRA,ENNIS,6808 N HALF MOON DR,BAKWERSFIELD,CALIFORNIA,93309,11155040,65
A973396,E,KENDRA,6808 N HALF MOON DR,BAKERSFIELD,CALIFORNIA,93309,11155004,65
A958774,KENDRA,ENNIS,8570 LAKE KNOLL AVE, UNIT E,GARDEN GROVE,CALIFORNIA,92844,65
A929849,DAIRL,LYONS,15742 WILLIAMS ST,TUSTIN,CALI,92780,11211476,66
A909337,DAIRL,LYONS,8570 LAKE KNOLL AVE,GARDEN GROVE,CALIFORNIA,92844,11211476,66
A906495,DAIRL,LYONS,8570 LAKE KNOLL AVE, UNIT E,GARDEN GROVE,CALIFORNIA,92844,66
A998461,TAJUANNA,TOMBERLIN,8455 NW 60TH PLU,PARKLAND,FLORIDA,33067,11212459,67
A961746,TAJUANNA,TOMBERLIN,8090 NW 20TH CT,SUNRISE,FLORIDA,33322,11212495,67
A956403,TAJUANNA,TOMBERLIN,8455 NW 60TH PL,PARKLAND,FLORIDA,33067,11122495,67
A943911,S,OTMBERLIN,8455 NW 60TH PL,PARKLAND,FLORIDA,33067,11212495,67
A997937,RAFAEL,TALLMAMN,43L66 CASTANOS ST,FREMONT,CALIFORNIA,94536,11222687,68
A992269,RAFAEL,TALLMAN,4366 CASTANOS ST,FREMONT,CALIFORNIA,94536,,68
A965683,RAFAEL,TALLMAN,239 N MAGNOLIA AVE,FARMERSVILLE,CALIFORNIA,93223,11222678,68
A947060,RAFAEL,TALLMAN,4366 CASTANOS ST,FREMONT,CALIFORNIA,9456,11222678,68
A944636,RAFAEL,TALLMAN,239 N MAGNOLIA AVE,FAQRMERSVILLE,CALIFORNIA,93223,101222678,68
A984366,BARBARA,BRAKER,10635 PARKLETT ST,TEMPLE CITY,CALIFORNIA,91780,11229531,69
A974134,BARBAAR,BARKER,27602 BLUE TOPAZ DR,SUN CITY,CALIFORNIA,92585,12129531,69
A942110,BABS,CAMPOS,243 RIDGEVIEW AVE,LOS ANGMELES,CALIFORNIA,90041,11229531,69
A941987,BARBARA,CAMPOS,27602 BLUE TOPAZ DR,SUN CITY,CALIFONIA,92585,11229531,69
A935555,BARBARA,BARKER,2403 RIDGEVIEW AVE,LOS ANGELES,CALIFORNIA,90041,11229531,69
A925391,BARBARA,CAMPOS,2403 RIDGEVIEW AVE,LOS ANGELES,CALIFORNIA,90041,11229531,69
A910405,BARBERY,BARKER,27602 BLUXE TOPAZ DR,SUN CITY,CALIFORNIA,92585,11229513,69
A994647,JUSTIN,BAREKR,10200 NW 22,MIAMI,FLORIDA,33147,11231666,70
A986439,JUSTIN,BARKER,27602 BLUE TOPAZ DR,SUN CITY,CALI,92585,,70
A981694,JUSTIN,BARKER,2403 RIDGEVIEW AVE,LOS ANGELES,CALIFORNIA,90041,11231666,70
A981315,JUSTIN,BARKER,10200 NW 22ND AVE,MIAMI,FLORIDA,33147,,70
A956107,A,JUSTIN,27602 BLUE TOPAZ DR,SUN CITY,CALIFORNIA,9258,11231666,70
A952463,JUSTUS,BARKER,10200 NW 22ND AVE,MIAMI,FLORIDA,33147,11231666,70
A938623,JUSTIN,BARKER,AVE,LOS ANGJELES,CALIFORNIA,90041,,70
A919234,JUSTNI,BARKER,27602 BLUE TOPAZ DR,SUN CITY,RCALIF,92585,11236166,70
A907020,JUSTIN,BARKER,10635 SPARKLETT ST,TEMPLE CITY,CALIFORNIA,91780,11236166,70
A976366,Y,KIMEI,4875 ESTEPOMA WAY,BUENA PARK,CALIFORNIA,90621,11239714,71
A957842,FELICITA,KIMEI,8721 GREENBACK LN,ORANGEVALE,CALIFORNIA,95662,,71
A937046,FELICITA,KIMEI,8721 GREENBACK LN,ORLANGEVALE,CALIFORNIA,95662,11239714,71
A976444,STEVEN,BIZHKO,4541 MOHICAN TRL,VALRICO,FLORIDA,33594,,72
A925162,STEEVN,BIZHKO,3924 KANSAS RD,GURDON,ARKANSAS,71743,11257092,72
A906259,STEVEN,BIZHKO,394 KANSAS RD,GURDON,ARKANSAS,7743,11257029,72
A976473,ORISTLEA,BEDOLLA,7319 HAZELTINE AVE,VAN NUYS,CALIFORNIA,91405,11275359,73
A958362,ORISTELA,BEDOLLA,854 NORTON AVE,GLENDLE,CALIFORNIA,91202,11275359,73
A951949,D,ORISTELA,7319 HAZELTINE AVE,VAN NUYS,CALIFORNIA,91405,11275359,73
A945638,ORISTELA,BEDOLLA,7319 HAZELTINE AVE,VAN NUYS,CALIFORNIA,91405,11275359,73
A932616,ORISTELA,BEDOLLA,904 E RENWICK ROD,GLENDORA,CALIFORNIA,91740,11275359,73
A931434,D,BEDOLLA,3227 MALTURA AVE,LA CRESCENTA,CALIFORNIA,91214,11725359,73
A997440,C,JACOBS,22 JUNIPR DR,ORMOND BEACH,FLORIDA,32176,11295734,74
A973975,BRIANA,JACOBS,7500 SW 59TH AVE,SOUTH MTIAMI,FLORIDA,33143,,74
A951850,BRIANA,JACOBS,22 JBUNIPER DR,ORMOND BEACH,FLORIDA,32176,,74
A930615,BRIANA,AJCOBS,22 JUNIPER DR,ORMOND BEACH,FLORIDA,32176,11295734,74
A918686,BRIANA,JACOBS,7500 SW 5M9TH AVE,SOUTH MIAMI,FLORIDA,33143,11295734,74
A978918,,GONZALES,11268 JOSHUA LCT,FONTANA,CALI,92337,,75
A932899,TIMOTHY,GONZALES,5914 PEBBLE CREEK DR,ROCKLIN,CALIFORNIA,95765,,75
A929646,TIMOTHY,GNOZALES,11268 JOSHUA,FONTANA,CALIFORNIA,92337,11333318,75
A924955,TIM,GONZALES,11268 JOSHUA CT,FONTANA,CALIFORNIA,92337,13133138,75
A995622,PATRICK,WOOLDRIDGE,1837 SOUTHPARK DR,ARLINGTON,TEXAS,76013,11346256,77
A951459,PATRICK,WOOLDRIDGE,19315 MONTCLAIR MEADOW LANE,KATY,TEXAS,77449,11346256,77
A948486,PETRE,WOOLDRIDGE,1837 SOUTHPARK DR,ARLINGTON,TEXAS,76013,,77
A940086,PETER,WOOLDRIDGE,3417 N MIDLAND DR,MIDLAND,TEXAS,79707,11346256,77
A938154,PETER,WOOLDRIDGE,3417 N MIDLAND DR,MIDLAND,TEXAS,79707,11436256,77
A927883,EPTER,WOOLDRIDGE,1837O SOUTHPARK DR,ARLINGTON,TEXAS,76013,,77
A923484,PATRICK,WOOLDRIDUGE,3417 N MIDLAND DR,MIDLAND,TEXAS,79707,11346256,77
A996490,BESSIE,MARTINEZ,1460 NW 58TH,MIAMI,FLORIDA,33142,11354171,78
A992116,ELIZABETH,ANVARRETE,7367 MANDY DR,SACRAMENTO F95823,CALIFORNIA,,11354117,78
A990616,BESSIE,MARTINEZ,1460 NW 58TH ST,MIAMI,FLORIDA,3342,11354711,78
A982629,ELIZABETH,MARTINEZ,15668 SUMMIT PLACE CIRCL,NAPLES,FLORIDA,34119,11345171,78
A961534,BESSIE,MARTINEZ,7367 MANDY DR,SACRAMENTO,CALIFORNIA,95823,11351471,78
A936248,BESSIE,MARTINEZ,12672 LIMONITE AVE,COWRONA,CALIFORNIA,92880,101354171,78
A935124,BESSIE,MARTINEZ,24477 DEL AMO RD,RAMONA,CALIFORNIA,92065,11354171,78
A923855,BESSIE,MARTINEZ,7367 MANDY DR,SACRAMENTO,CALIFORNIA,95823,11354171,78
A974776,R,NAVARRETE,7A367 MANDY DR,SACRAMENTO,CALIFORNIA,95823,,79
A931219,RUBEN,NAVARRETE,7367 MANDYH DR,SACRAMENTO,CALIFORNIA,95823,11356980,79
A993900,C,HOYOS,E 16 TPH ST,HIALEAH,FLORIDA,33010,11363009,80
A991848,CAROLINE,HOYIOS,1438 FLATWOOD CT,TRINITY,FLORIDA,34655,,80
A940135,CAROL,HOYOS,1438 FLATTWOOD CT,TRINITY,FLORIDA,34655,11363009,80
A988065,FREDY,GREGORY,22372 WALLINGFORD LN,HUNTINGTON BEACH,CALIFORNIA,92646,11366037,81
A987341,FREDY,GREGORY,22372 WALLINGFORD LN,HUNTINGTON BEACH,CALIFORNIA,92646,11360637,81
A946539,FREDY,GREGORY,1502 VAN VLECK ST,YUBA CITY,CALI,95993,11366307,81
A944749,FREDY,G,1502 VAN VLECK ST,YUBA CITY,CALIFORNIA,95993,11366073,81
A942309,FREDY,GREGORY,22372 WALLINGFORD LN,HUNTINGTON BEACH,CALIFORNIA,92646,11366037,81
A907946,FREDY,GREGORY,1502 VAN VLECK ST,YUBA CITY,ALIFORNIA,95993,11366037,81
A997035,LIDIA,HINDS,1350 MANOR BLVD,SAN LEARNDRO,CALIFORNIA,94579,11372844,82
A986496,L,HINDS,3725 DIMAGGIO WKY,ANTIOCH,CALIFORNIA,94509,11372844,82
A976543,LIDIA,HINDS,2116 WINGATE BND,WELOLINGTON,FLORIDA,33414,11372844,82
A954092,LIDIA,STEAWRT,1350 MANOR BLVD,SAN LEANDRO,CALIFORNIA,94579,,82
A952480,LIDIA,HNIDS,1385Z4 BAYBERRY ST,VICTORVILLE,CALIFORNIA,92392,13172844,82
A946527,LIDIA,HINDS,1350 MANOR BLVD,SAN LEANDRO,CALIFORNIA,94579,11372844,82
A939198,LIDIA,HINDS,5155 WISTERIA LN,FONTANA,CALIFORNIA,92336,,82
A927134,LIDIA,HINDS,3725 DIMAGGIO WAY,ANTIOCH,CALIFORNIA,94509,11372844,82
A921842,L,HINDS,2116 WINGATYE BEND,WELLINGTON,FLORIDA,33414,11372844,82
A916984,LIDIA,HINDS,41800 CREST DR,HEMET,CALIFORNIA,92544,,82
A910614,LIDIA,HINDS,3725 DIMGGIO WAY,ANTIOCH,CALIFORNIA,94509,,82
A993180,JOSE,STEWART,1350 MANOR BLVD,SAN LEANDRO,CALI,94579,,83
A950809,JOSE,S,29605 SOLANA WAY,TEMECULA,CALIFORNIA,92591,11380376,83
A947789,JOES,STEWART,1350 MANOR BLVD,SAN LEANDRO,CALIFORNIA,94579,,83
A927724,JOSE,STEWART,5155 WISTERIA LN,FONTANA,CALIFORNIA,92336,,83
A924558,JOSE,STEWART,29605 SOLANA WY,TEMECULA,CALIFORNIA,92591,11380376,83
A909495,JOSE,STEWART,29605 SOLANA WAY,TEMECULA,CALIFORNIA,92591,11380376,83
A975825,SHIRLEY,ABISADA,16057 TAMPA PALMS BOULEVAD W,TAMPA,FLORIDA,33647,11394038,84
A974698,SHIRLEY,ABISADA,125 SW 34TH AVE,MIAMI,FLORIDA,33135,11394038,84
A974652,S,ABISADA,13828 TM O SHANTER CT,POWAY,CALIFORNIA,92064,11394038,84
A966766,SHIRLEY,B,13828 TAM KO SHANTER CT,POWAY 92064R,CALIFORNIA,,,84
A921355,SHIRLEY,ABISADA,13828 TAM O SHANTER CT,POWAY,CALIFORNIA,92064,11394038,84
A912342,SHIRLEY,ABISADA,403 FRANSCIONI ST,SOLEDAD,CALI,93960,,84
A998273,JEFFREY,BAUM,3445 ADVANTAGE LAE,JACKSONVILLE,FLORIDA,32277,,85
A989546,JEFFRYE,BAUM,13828 TAMD O SHANTER CT,POWAY,CALIFORNIA,92064,11409359,85
A987761,JEFFREY,BAUM,193 EISENHOWER DR,SANTA CLARA,ACALI,95054,11409359,85
A943249,JEFFRYE,BAUM,13828 TAM O,POWAY,CALIFORNIA,92064,,85
A942174,GEOFFREY,BUAM,3445 ADVANTAGE LN,JACKSONVILLE,FLORIDA,32277,11409359,85
A933422,JEFFREY,BAUM,13828 TAM O SHAKNTER CT,POWAY,CALIFORNIA,92064,11409359,85
A922296,GEOFFREY,BAUM,8121 RIVERSIDE DR NE,SAINT PETERSBURG,FLORJIDA,33702,,85
A910166,JEFFREY,ABUM,1932 EISENHOWER DR,SANTA CLARA,CALIFORNIA,95054,11403959,85
A988248,FRAN,WILSON,13117 SETTLERS TRL,KELLER,TX76248,,,86
A975356,FRANCES,WILSON,18522 WOLF CREEK TRL,HUMBLE,TEXAS,77346,11424527,86
A961459,FRANCES,HYDE,13117 SETTLES TRLS,KELLER B76248,TEXAS,,11424572,86
A957160,FRANCES,WILSON,810D4 CORONADO TRL,AMARILLO,TEXAS,79110,11424572,86
A944153,,WILSON,18522 WOLF CREEK TRLS,HUMBLE,TEXAS,77346,11424572,86
A937623,FRANCES,WILSON,6372 NW 173RD ST,HIALEAH,FLORIDA,33015,11424572,86
A926009,FRANCES,HYDE,18522 WOLF CREEK TRLS,HUMBLE,TEXAS,77346,11424572,86
A909505,FRANCES,HYDE,13117 SETTLERS TRL,KELLER,TEXAS,7628,11424527,86
A906536,F,WILSON,6372 NW 173RD ST,HIALEH,FLORIDA,33015,11424572,86
A976049,JAIME,VON HYDE,13117 SETTLERS TRL,KELLER 7Z6248,TEXAS,,11431971,87
A975098,JAIME,VON YHDE,18522 WOLF CREEK,HUMBLE,TEXAS,77346,11431971,87
A955129,JAMIE,VON HYDE,8104 COONADO TRL,AMARILLO,TEXAS,79110,11431971,87
A944994,J,VON HYDE,1348 CABRILLO AVE,SAN JOSE,CALIFORNIA,95132,11431971,87
A921612,J,VON HYDE,13117 SETTLERS TRAILS,KELLER 76248R,TEXAS,,11431971,87
A906951,JAIEM,VON HYDE,13117 SETTLERS TRL,KEZLLER,TEXAS,76248,,87
A988541,ERIKA,VILLAGRAN,3905 CASTLE DDR,ROWLETT 7508I9,TEXAS,,,88
A976233,ERIKA,CARCAMO,3905 CASTLE DR,ROWLETT,TEXAS,75089,11451029,88
A976124,ERIKA,VILLAGRAN,7651 GATE PARKWAY,JACKSBONVILLE,FLORIDA,32256,11451029,88
A937185,I,CARCAMFO,3905 CASTLE DR,RWLETT,TEXAS,75089,11451029,88
A937180,ERIKA,VILLAGRAN,4100 TRADEWIND CT,EL PASO,TEXAS,79904,,88
A923001,E,VILLAGRAN,4100 TRADEWIND CT,EL PASO 79Z904,TEXAS,,,88
A997296,SANTIAGO,CARCAMO,3905 CASTLE DAR,ROWLETT,TEXAS,75089,,89
A978693,SANTIAGO,CARCAMO,1930 HOLLY PL,SOUTH DAYTONA,FLORIDA,32119,11455987,89
A923962,SANTIAGO,CARCAMO,390H5 CASTLE DR,ROWLETT 75089C,TEXAS,,11455987,89
A918527,SANTIAGO,CARCAMO,3905 CASTLE DR,ROWLETT,TEXAS,75089,11455987,89
A992788,SHARON,HALL,3941 S VAN NESS AVE,LOS ANGELES,CALIFORNIA,90062,11470868,90
A965456,SHARON,HALL,18310 AMIE AVE,TORRANCE,CALIFORNIA,90504,101470688,90
A960290,SHARON,HALL,1121A LAWSON LN,AUSTIN,TEXAS,7702,11470688,90
A950614,SHARON,HALL,12224 IANE CHANTEE DR,EL PASO,TEXAS,79936,11470688,90
A941047,SHRAON,KELLER,1121A LAWSON LN,AUSTIN,TEXAS,78702,,90
A931490,SHARON,HALL,1612 TULANE DR,MODESTO,CALIFORNIA,95355,11470688,90
A911884,SHARON,HALL,20401 SOFLEDAD CANYON RD,CANYON COUNTY,CALIFORNIA,91351,101470688,90
A908720,SHAY,HALL,1121A LAWSON,AUSTIN,TEXAS,78702,11476088,90
A978062,JEFFREY,KELLER,8060 FOUNTAIN MIST BLVD,LEHIGH ACRES,FLORIDA,33972,,91
A975376,JEFFREY,KELLER,554 79TH TER N,SAINT PETERSBURG F,,33702,,91
A965768,JEFFREY,KELLER,12224 RIANE CHANTEE DR,EL PASO,TEXAS,79936,11485431,91
A963287,JEFFREY,KELLER,5844 NW 120TH AVE,CORAL SPRINGS,FLORIDA,33076,,91
A955385,JFEFREY,KELLER,127 APPIAN WY,KISSIMMEE,FLORIDA,34758,,91
A950470,EJFFREY,KELLRE,127 APPIAN WAY,KISSIMMEE,FLORIDA,34758,11485431,91
A943291,JEFFREY,KELLR,W8060 FOUNTAIN MIST BLVD,LEHIGH ACRES,FLORIDA,33972,11485431,91
A928908,JEFFREY,KELLER,127 APPIAN WAY,KISSIMMEE,FLORIDA,34758,,91
A978696,IRENE,MEJIA,3842PARKSIDE,MISOURI CITY,TEXAS,77459,11487348,92
A968634,RENNIE,MEJIA,2130 SE GRAND YDR,PORT SAINT LUCIE,FLORIDA,34952,11487348,92
A945840,IRENE,MEJAI,3842 PARKKSIDE,MISSOURI CITY,TEXAS,77459,,92
A994704,MARIA,SOSA,3505 CORALWOOD WY,SACRAMENTO,CA95826,,,94
A991249,MARIA,SOSA,2730 SW 74TH WAY,DAVIE,FLORIDA,33314,11504406,94
A973984,MARIAH,SOSA,2730 SW 74TH WY,DAVIE,FLORIDA,33314,11504406,94
A969991,,SOS,2730 SW 74TH WAY,DAVIE,FLORIDA,33314,11504406,94
A968625,MARIA,SOSA,8367 S ELM AVE,FRESNO,CALIFORNIA,93706,11504406,94
A961432,M,SOSA,3505 CORALWOOD WMAY,SACRAMENTO,CALIFORNIA,95826,11504406,94
A949686,MARIAH,SOSA,1401 W HYDE PARK DR,FORT MYERS 339J12,FLORIDA,,11504406,94
A920927,MARIA,SOSA,1637 SHIRLEY DR,PLEASANT HILL,CALIFORNIA,94523,11504406,94
A978155,PEDRO,RAMOS,2201 5TH ST,SANTA MONDICA,CALIFORNIA,90405,11510375,95
A948176,PEDRO,RAMOS,4185 ARIZONA ST,SAN DIPEGO,CALIFORNIA,92104,11510375,95
A936537,PEDRO,RAMOS,2201 5TH ST,SANTA MONICA,CALIFORNIA,90405,11510375,95
A927955,EPDRO,RAMOS,1637 SHIRLEY DR,PLEASANT HILL,CALIFORNIA,94523,,95
A925054,PEDRO,RAMOS,93 ATLANTIC CCIR,PITTSGBURG,CALIFORNIA,94565,11510375,95
A917510,PEDRO,RAMOS,4185 ARIZONA ST,SAN DIEGO,CALIFORNIA,92104,11510375,95
A913683,PEDRO,RAOMS,2201 5TH ST,SANTA ONICA,CALIFORNIA,90405,11513075,95
A906088,P,RAMOS,93 ATLANTIC CRCL,PITTSBURG,CALIFORNIA,94565,11510375,95
A905094,PEDRO,RAMOS,41713 WOODRIDGE AVE,MURRIETA H92562,CALIFORNIA,,11510375,95
A994595,JEANNETTE,ASYALA,250 FLOR BLANCA AE,SOCORRO,TEXAS,79927,11518660,96
A957632,JEANNETTE,PEREZ,33 SAWFISH LN,KISSIMMEE,FLORIDA,34759,11518660,96
A948064,JEANNETTE,PEREZ,1990 W 56TH ST,HIALEAH,FLORIDA,33012,,96
A936225,JEANNETTE,AYALA,1630 HOVEDEN DR,KATY,TEXAS,77450,11518660,96
A931192,JEANNETTE,PEREZ,2011 SAGEBRUSH CRCL,NAPLES,FLORIDA,34120,11518606,96
A930263,,AALA,1630 HOVEDEN DR,KATY,TEXAS,77450,11518660,96
A926470,JEANNETTE,APYALA,250 FLOR BLACA AVE,SOCORRO,TEXAS,79927,11518660,96
A995616,JEROME,AYALA,163Z0 HOVEDEN DR,KATY,TEXAS,77450,,97
A955910,JEROME,AYLAA,163 HOVEDEN DR,KATY,TEXAS,77450,11522957,97
A932063,JEROME,AYALA,8800 BURNET AVE,NORTH HILLS,CALIFORNIA,91343,11522957,97
A917681,JEROME,AYALA,250 FLOR BLANCA AVE,SOCORRO,TEXAS,79927,11522957,97
A911001,JEROME,AYLAA,250 FLORB BLANCA AVE,MSOCORRO,TEXAS,79927,11522597,97
A998244,BRENDA,STAGER,3520 AARON DR,SANTA ROSA,CALIFORNIA,95404,,98
A989720,BRENDA,STAGER,7831 MELROSE ST,BUENA PARK,CALI,90621,,98
A983557,BRENAD,STAGXER,7831 MELROSE ST,BUENA PARK,CALIFORNIA,90621,11529413,98
A955188,C,STAGER,3520 AARON DVR,SANTA ROSA,CALIFORNIA,95404,11529413,98
A954418,BRENDA,USECHE-LAMARDO,1023 CARLSBAD DR,GRAND PRAIRIE,TEXAS,75051,11529413,98
A932099,BERNDA,STAGER,731 MELROSE ST,BUENA PARK,CALIBF,90621,11529143,98
A920307,BRENDA,STAGER,10A00 OARLOCK ST,CROWLEY,TEXAS,76036,11529413,98
A930456,JOSEPH,USECHE-LAMARDO,1023 CARLSBAD DR,GRAND PRAIRIE,TEXAS,75051,15139406,99
A907842,JOE,USECHE-LAMARDO,1000 OARLOCK ST,CROWLEY,TEXAS,76036,11539406,99
A980052,ANGELA,ULLAH,8282 WINDMILL FARMS DR,COTATI,CALIFORNIA,94931,11541422,100
A974646,ANGELINA,ULLAH,2557 ORANGE AVE,COSTA MESA,CALIFORNIA,92627,11541422,100
A965932,ANGIE,ULLAH,3571 NW 85TH WY,SUNRISE,FLORIDA,33351,15141422,100
A941193,ANGELICA,ULLAH,8282 WINDMILL FARMS DR,COTATI 94V931,CALIFORNIA,,11541422,100
A919856,ANGELA,ULLAH,2557 ORANGE AVENIDA APT E,COSTA MESA,CALIFORNIA,92627,11544122,100
A917446,ANGELA,ULLAH,10225 LITTLE BOGUS CREEK RD,MONTAGUE,CALI,96064,,100
A967423,MICHAEL,TORRA,4203 JORNS ST,HOUSTON,TEXAS,77045,11553482,101
A956778,E,TORRA,201 ORION RD,GEORGETON,TEXAS,78633,11553428,101
A943599,E,TORRA,201 ORION RXD,GEORGETOWN,TEXAS,78633,,101
A938921,MICAHEL,TORRA,2557 ORANGE AVE,COSTA MESA,CALIFORNIA,92627,11553428,101
A938785,MICHAEL,TORRA,403 JORNS ST,HOUSTON Z77045,TEXAS,,,101
A921846,E,TORRA,2557 ORANGE AVE,COSTA MESA F92627,CALIFORNIA,,,101
A920634,MICHALE,T,2557 ORANGE AVE,COSTA MESA,CALI,92627,11553428,101
A916985,MICHAEL,TORRA,4203 JORNS ST,HOUSTON,TEXAS,77045,11553428,101
A984866,MARIO,LOPREZ,731 E COCO PLUM CIR,PLANTATION,FLORIDA,33324,11558097,102
A983483,MARIO,LOPEZ,6837 COUNTY HIGHWAY 1087,DEFUNIAK SPRINGS 3243L3,FLORIDA,,11558097,102
A982046,MARIO,LOPEZ,6837 COUNTY HIGHWAY 1087,DEFUNIAK SPRINGS,FLORIDA,32433,11558079,102
A967437,MARIO,LOPEZ,731 E COCO PLUM CIR,PLANETATION,FLORIDA,33324,11558079,102
A944698,MARIO,LOPEZ,6837 COUNTY HIOGHWAY,DEFUNIAKN SPRINGS,FLORIDA,32433,,102
A936434,MARIO,LOPEZ,2211 DAVIS ST,TAMPAC,FLORIDA,33605,11558079,102
A922236,A,OLPEZ,2211 DAVIS ST,TAMPA,FLORIDA,33605,,102
A917621,MARIO,LOPEZ,731 E COCO PLUM UCIR,PLANTATION,Y FLA,33324,11558079,102
A994082,C,OROZCO,577 E NOVMNDY BLVD,DELTONA,FLORIDA,32725,101591372,103
A984993,ANECIA,HARDING,7M11 N US HIGHWAY 69,CELESTE,TEXAS,75423,11594858,104
A983528,ANECIA,HARDING,711 NRTH US HIGHWAY,CELESTE,TEXAS,75423,11549858,104
A934142,ANECIA,HARDING,10615 WEATHERING RUN,SAN ANTONIO,TEXAS,78254,11594885,104
A995501,NANCY,GANEY,1570 E VIA VERDE ST,COVINA,CALIFORNIA,91724,11610544,105
A932217,N,GANEY,11605 PPLAR ST,LOMA LINDA,CALIFORNIA,92354,11610544,105
A915335,NANYC,GANEY,11605 POPLAR ST,LOMA LINDA,CALIFORNIA,92354,,105
A915309,NANCY,REHDRE,12 PINE CREEK CT,PITTSBURG,CALIFORNIA,94565,11610544,105
A907116,NANCY,GANEY,13342 HIDALG ST,DESERT HOT SPRINGS,CALIFORNIA,92240,11610544,105
A921761,ANTHONY,REHDER,1570 E UVIA VERDE ST,COVINA,CALIFORNIA,91724,11628733,106
A984752,NICOLE,JOHNSON,9418 EL CAJON ST,VENTURA,CALIFORNIA,93004,,107
A969629,NICOLE,TZENOVA,9418 EL CAJN ST,VENTURA,CA93004,,11642001,107
A960621,NICOLE,JOHNSON,6654 ELMER AVEA,NORTH HOLLYWOOD,CALIFORNIA,91606,11642001,107
A946404,NOLE,JOHNSON,8455 OLD RANCH RD,ORANGEVALE,CALI 95662S,,,107
A923573,NICOLE,VTZENOVA,9418 EL CAJON ST,VENTURA,CALIFORNIA,93004,,107
A969080,LUIS,TZENOVA,1502 SUDBURY DR,PASADENA,TEXAS,77504,11654484,108
A966980,JENEIDA,BAILEY,5998 WINDBREAKER KWAY,SSACRAMENTO,CALI,95823,,109
A958246,J,GBAILEY,5998 WINDBREAKER WAY,SACRAMENTO,CALIFORNIA,95823,11661722,109
A912654,JENEIDA,BAILEY,5998 WINDBREAKR WAY,SACRAMENTO,CALIFORNIA,9523,11661722,109
A961600,MICHELLE,BOSE,1211 REAGAN DR,LAREDO,TEXAS,78046,11688665,110
A989206,JOREG,CLINTON,815 W CONCBORD ST,ORLANDO,FLORIDA,32805,11695645,111
A979565,JROGE,CLIBNTON,815 W CONCORD ST,ORLANDO,FLORIDA,32805,,111
A974704,JORGE,CLINTON,815 W CONCOR ST,ORLANDO,FLORIDA,32805,11695645,111
A969356,JORGE,CLNTON,530 PARKSIDE AVE,MERRITT ISLAND,FLORIDA,32953,11695645,111
A961135,JORGE,CLINTON,650 NE 17TH ST,NORTH MIAMI BEACAH,FLORIDA,33162,,111
A955726,JORGE,CLINTON,1780 VALE DR,CLERMONT,KFLORIDA,34711,,111
A954564,JORGE,CLINOTN,530 PARKSIDE AVE,MERRITT ISLAND,FLORIDA,32953,11659645,111
A920669,JORGE,CLINTON,530 PARKASIDE AVE,MERRITT INSLAND,FLORIDA,32953,,111
A965548,MAYR,IPNAL-RINCON,26815 PAMELA DER,CANYON COUNTRY,CALIFORNIA,91351,11702691,112
A962183,MAYR,PINAL-RINCON,634 ALBER ST,CHULA VISTA,CALIFORNIA,91911,101702691,112
A947236,MARY,PINLA-RINCON,1371 BROOKSIDE DR,VENICE,FLORIDA,34285,17102691,112
A947196,MARY,PINAL-RINCON,634 ALBER ST,CHULA VISTA,CALI,91911,,112
A943060,MAMIE,PINAL-RINCON,J634 ALBER ST,CHULA VISTA,CALIFORNIA,91911,11702691,112
A930933,MARY,PINAL-RINCON,4300 THE WOODS DR,SAN JOSE,CALIFORNIA,95136,11706291,112
A928733,POLLY,PINAL-RINCON,26815 PAMELA DR,CANYON COUNTRY,CALIFORNIA,91351,11702691,112
A924444,MOIRA,PINAL-RNCON,1371 BROOKSIDE DR,VENICE,FLORIDA,34285,11702691,112
A918575,,PINAL-RINCON,26815 PAMELA DR,CANYON CEOUNTRY,CALIFORNIA,91351,11702691,112
A907729,C,PINAL-RINCON,1371 BROOKSIDE DR,VENICE,FLORIDA,34285,11702691,112
A979126,MATTHEW,CHECA,8818 MINES AVE,PICKO RIVERA,CALIFORNIA,90660,,113
A976097,MTATHEW,CHECA,634 N PASS AVE,BURBANK,CALIFORNIA,91505,,113
A972294,MATTHEW,CHECA,8423 LAKE CRYSTAL DR,HOXUSTON,TEXAS,77095,11720882,113
A959532,MATTHEW,CHECA,8423 LAKE CRYSJTAL DR,HOUSTON B77095,TEXAS,,,113
A956901,MATTHEW,CHECA,9509 BRADWELL AVE,SANTA FE SPRTINGS,CALIFORNIA,90670,11720882,113
A972120,JULIA,PALOMINO,2149 SW GEMINI LANE,DPORT SAINT LUCIE,FLORIDA,34984,11733927,114
A966816,JILL,PALOMINO,2062 VILLA TER,CLEARWATER 33R763,FLORIDA,,,114
A955013,J,PALOMINO,534 SW 154TH CT,MIAMI,FLORIDA,33185,11733297,114
A938672,ANDREW,DOLAN,2149 S GEMINI LN,PORT SAINT LUCIE,FLORIDA,34984,,115
A928934,ANDREW,DOLNA,214 SW GEMINI LN,PORT SAINT LUCIE,FLORIDA,34984,11738569,115
A915012,ANDREW,DOLAN,2062 VILLA TER,CLEARWATER,FLORIDA,33763,11738569,115
A966940,OLGA,WINTERS,4 MEADOWLARK CIRC,ELLENTON,FLORIDA,34222,,116
A948787,OLGA,WINTERS,9611 CUSTER RD,PLANO,TEXAS,75025,11743471,116
A937353,OLGA,DECOITS,44 MEADOWLARK CI,ELLENTON,FLORIDA,34222,,116
A914289,OLGA,WINTERS,44 MEEADOWLARK CIRCLE,ELLENTON,FLORIDA,34222,11743471,116
A909139,OLGA,WINTERS,7002 WHITE TAIL DR,SPRING,TEXAS,77379,11743741,116
A987927,W,THOMAS,9611 CUSTER RD,PLANO,TEXAS,75025,17147436,117
A986621,THOMAS,DECOTIS,8818 MYINES AVE,PICO RIVERA,CALIFORNIA,660,,117
A985448,THOMAS,DECOTIS,7002 WHITE TAIL DR,SPRING,TEXAS,77379,11747436,117
A981535,W,DECOTIS,9611 CUSTER RD,PLANO,TEXAS,75025,11774436,117
A976025,THOMAS,DECOTIS,7002 WHITE TAIL DR,SPRING,TEXAS,77379,11747346,117
A958252,THOM,DECOTIS,8818 MINES AVE,PICO RIVERA,CALIFORNIA,660,11747436,117
A949132,T,DECOTIS,135 W WASHINGTON BLVD,PASADENA,N CALIFORNIA,91103,,117
A932579,HTOMAS,DECOTIS,135 W WASHINGTON BLVD,PASDENA,CALIFORNIA,91103,11747346,117
A930032,W,DECOTIS,8818 MINES AVE,PICO RIVERA,CLIF,90660,,117
A924404,THOMAS,DECOTIS,14161C HALPER RD,POWAY A92064,CALIFORNIA,,11747436,117
A919936,TOM,ECOTIS,14161 HALPER RD,POWAY,CALIFORNIA,92064,,117
A917505,THOMAS,DECOTIS,14161 HALPER RD,POWAY,CALIFORNIA,92064,,117
A905799,THOMAS,DECOTIS,7002 WHITE TAIL DR,SPRING,TEXAS,77379,,117
A905451,THOMAS,EDCOTIS,9611 CUSTER RD,PLANO,TEXAS,75025,,117
A980168,CLETT,BERBER,3229 BOWIE ST,AMAJRILLO,TEXAS,79109,,118
A985909,CORNELIA,NORMAN,2801 W,MICO,TX78056,,,119
A983530,NEELY,DELROSRIO,518T6 SPRINGWOOD RD,SPRING HILL,FLORIDA,34609,,119
A913140,B,NORMNA,231 COUNTY ROAD 2801 W,MICO,TEXAS,78056,,119
A991879,SENA,NORMAN,231 COUNTY ROAD 2801 W,MICO,TEXAS,78056,11807242,120
A968764,SEAN,NORMAN,231 COUNTY ROAD 2801 W,MICO,TEXAS,78056,11807224,120
A993963,A,TOMBERLIN,245 BUTTONWOOD AVE,WINTER SPRINGS,FLORIDA,32708,11087503,121
A992127,DEAN,PALMER,1735 E WASHINGTON ST,COLTON,CALIFORNIA,92324,11807503,121
A988464,DENA,TOMBERLNI,2006 15TH ST SW,WINTER HAVEN,FLORIDA,33880,11807503,121
A983575,DEAN,PALMER,2006 15TH ST SW,WINTER HAVEN,FLORIDA,33880,11807503,121
A978834,DENA,PALMER,245 BUTTONWOOD AVE,WINTER SPRINGS,FLORIDA,32708,,121
A977448,DENA,TOMBERLIN,2006 15TH ST SW,WINTER HAVEN,FLORIDA,33880,11807503,121
A913450,DENA,PALMER,2135 LYNX PL,LOXAHATCHEE,FLORIDA,33470,11807503,121
A979649,DANIEL,TOMBERLIN,9120 GREENLEAF AVE,WHITTIER J90602,CALIFORNIA,,11826465,122
A971708,A,TOMBERLIN,2411 OAKMONT AVE,SANTA ANA,CALIFORNIA,92706,,122
A964283,DAN,TOMBERLI,13B31 GRANITE SPRINGS DR,CHULA VISTA,CALIFORNIA,91915,,122
A959899,DANIEL,TOMBERLIN,1331 GRANITE SPRINGSDR,CHULA VISTA,CALI,91915,11826465,122
A929039,DNAIEL,TOBMERLIN,2411 OAKMONT AVE,SANTA ANA,CALIFORNIA,92706,11826465,122
A982541,GEYAS,MURPHY,1420 BETHEL LN,SANTA MARIA,CALIFORNIA,93458,,123
A941459,GEYSA,MURPHY,3020 TAGURA DR,MODERSTO,CALI,95355,11480521,123
A929624,GEYSA,UMRPHY,1744 HANNAH CIR,SIM VALLEY,CALIFORNIA,93063,,123
A988731,M,GOME-ZHERNANDEZ,1533 PICASSO LN,OXNARD,CALIFORNIA,93033,11843845,124
A982469,M,ELLEN,1533 PICASSO LN,OXXNARD,CALIFORNIA,93033,11843845,124
A951683,E,GOMEZ-HERNANDEZ,1533 PICASSO LANE,OXNARD,CALIFORNIA,93033,11483845,124
A947039,LELEN,GOMEZ-HERNANDEZ,800 LEXINGTON ST,DELANO,CALIFORNIA,93215,11843845,124
A941016,ELLNE,GOMEZ-HERNANDEZ,1818 16TH SR,SANTA MONICA,CALIFORNIA,90404,11843845,124
A917683,HELEN,GOMEZ-HERNANDEZ,1037 ESSEX AVE,SUNNYVALE,CALIFORNIA,94089,11843845,124
A909455,ELLEN,GOMEZ-HERNANDEZ,3275 DUBLIN DR,SOUTH SAN FRANCISCO,CALI,94080,,124
A908197,ELLEN,ZENGEL,3275 DUBLRIN DR,SAN FRANCISCO A,SOUTH,94080,11843485,124
A937759,JOAQUIN,ZENGEL,3275 DUBLIN DR,SOUTH SAN FRANISCO,CALIFORNIA,94080,11845832,125
A932772,JOAQUIN,ZENGEL,2909 SANTA ANA ST,CORPUS CHRISTI,TEXAS,78415,,125
A973823,CHRISTINE,BRODIE,3413 N MCCOLL RD,MCALLEN,TEXAS,78501,11848240,126
A966424,ANTONIO,BERYR,6524 MERIDIAN ST,LOS ANGELES,CALIFORNIA,90042,11852550,127
A981178,RHONAD,LOPEZ,81875 AVENUE 48,INDIO A,,92201,11896528,128
A979766,RHONDA,LANTIGUA,321 DAISY AVE,LONG BEACH,CALIFORNIA,90802,11869528,128
A975601,RHONDA,LOPEZ,1537 SOLANDO WAY,SALINAS,CALIFORNIA,93906,11869528,128
A971317,RHONDA,LOPEZ,1537 SOLANDO WAY,SALINAS,CALIFORNIA,93906,,128
A954403,R,LANTIGUA,321 DAISY AVE,LONG BEACH,CALIFORNIA,90802,11869528,128
A952712,RHONAD,LOPEZ,321 DAISY AVE,LONG BEACH,CALIFORNIA,90802,11869528,128
A948035,RHONDA,LANTIGUA,81875 AVENUE 48,INDOIO,CALIFORNIA,92201,,128
A930643,RHONDA,LOPEZ,980 NANTUCKET BLVD PT,SALINAS,CALIFORNIA,93906,,128
A930338,RHONDA,LOPEZ,3626B 31ST ST,SAN DIEGO,CALIFORNIA,92104,11869528,128
A997462,D,LANIGUA,81875 AVENUE 48,INDIO,CALIFORNIA,92201,11877041,129
A977097,DAIVD,LANTIGUA,321 DAISY AVE,LONG BEACH,CALIFORNIA,90802,11877041,129
A973663,DAVY,LANTIGUA,321 DAISY AVE,LONG BEACH,CALIFORNIA,90802,101877041,129
A932490,DAVID,L,81875 AVENUE 48,INDIO,CALFORNIA,92201,11877041,129
A922134,DAVDI,LANTIGUA,81875 AVENUE 48,INDIO,CALIFORNIA,92201,11877014,129
A986751,ELISHA,WILT,14031 CERISE AVE,HAWTHORNE,CALI,90250,11891976,130
A960742,ELLIS,WILT,14031 CERISE AVE,HAWTHORNE,CALIFORNIA,90250,11899176,130
A917451,ELISHA,WILT,424S E ST,PORTERVILLE,CALIFORNIA,93257,11819976,130
A912735,ELISHA,WILT,685 SPRNG AVE,MORGAN HILL,CALIFORNIA,95037,11891976,130
A911277,E,WILT,14031 CERISE AVE,HAWTHORNE,CALIFORNIA,90250,,130
A960565,CHARLES,GLASS,26467 TRANCAS,SUN CITY,CALIFORNIA,92586,11902788,131
A926807,A,GLASS,26467 TRANCAS CT,SUN CITY,CALIFORNIA,92586,11902788,131
A908326,C,G,26467 TANCAS CT,SUKN CITY,CALIFORNIA,92586,11902788,131
A913831,JENNIFER,UGODNIKOV,9653 ANTON OAKS WAY,ELK GROVE,CALIFORNIA,9524,,132
A977889,MANUEL,TAMKOC,9653 ANTON OAKS WAY,ELK GROVE CALI,,95624,11932109,133
A965636,MANUEL,TAMKOC,11296 REED ISLQAND DR,JACKSONVILLE,FLORIDA,32225,,133
A934986,MANUEL,TAMKOC,11296 REED ISLAND DR,JACKSONVILLE,FLORIDA,32225,11932109,133
A913960,IMMANUEL,TAMKOC,11296 REED ISLAND DR,JACKSONVILLE,FLORIDA,32225,,133
A983929,BLAIR,FORTH,8686 HILLERY DR,SAN DIEGO,CALIFORNIA,92126,,134
A980815,BLAIR,FORTH,1331 W 88TH ST,LOS ANGELES,CALIFORNIA,90044,,134
A971827,BLAIR,JACQUES,1331 W 88TH ST,LOS ANGELES 9004Q4,CALIFORNIA,,101940846,134
A962546,BLAIR,JACQUES,1331 W 88TH ST,LOS ANGELES,CALIFORNIA,90044,11940846,134
A959984,BLAIR,FORTH,345 N 4TH ST,MONTEBELLO CALF,,90640,11940486,134
A954542,BLAIR,FORTH,345 N 4TH ST,MONTEBELLO,CALIFORNIA,90640,,134
A930152,B,FORTH,640 COOPER AVE,YUBA CITY,CALIFORNIA,95991,,134
A927515,BLAIR,FORTH,345 N 4TH ST,MONTEBELLO,CALIFORNIA,90640,11948046,134
A905810,BLAIR,FORTH,6L40 COOPER AVE,YUBA CITY,CALIFORNIA,95991,,134
A976591,PHILIP,JACQUES,1331 W 88TH ST,LOS ANGELES 90R044,CALIFORNIA,,11965187,135
A975784,PHILIP,JACQUES,21022 LOS ALISOS BLVD,RANCHO SANTA MARGARITA,CALIFORNIA,92688,11961587,135
A957528,PHILIP,JACQUES,1331 W 88TH ST,LOS ANGELES,CALIFORNIA,90044,,135
A953502,PHILIP,JACQUES,6121 S VERDUN AVE,LOS NGELES,CALIFORNIA,90043,,135
A953093,PHILIP,JACUQES,6121 S VERUN AVE,LOS ANGELES,CALIFORNIA,90043,11965187,135
A945910,PHILIP,JACQUES,6121 S VERDUN AVE,LOS ANGELES,CALIFORNIA,90043,11965187,135
A929744,PHILIP,JAQCUES,21022 LOS ALISOS BLVD,RANCHO SANTA MARGARITA,CALIFORNIA,92688,11965187,135
A922052,PHILIP,JACQUES,21022 LOSF ALISOS BLVD,RMANCHO SANTA MARGARITA,CALIFORNIA,92688,11965187,135
A907451,HERACLIO,GONZALES,3414 BLOOMINGDALE OAKS DR,VALRICO,FLORIDA,33596,,136
A960682,ILKNUR,VOGL,2603 BRADBURN HILL LANE,HOUSTON,TEXAS,77014,,137
A907917,ILKNRU,VOGL,715 YAUPON CT,BURLESON,TEXAS,76028,11978561,137
A991579,MIGUEL,FERRETIZ,10507 RIPPLING FIELDS DR,HOUSTON,TEXAS,77064,,138
A957796,K,FERRETIZ,3535 PLAINSMAN LN,BRYAN,TEXAS,77802,11997526,138
A944730,MIGUEL,FERRETIZ,317 N GRAND VE,SHERMAN,TEXAS,75090,11997562,138
A944288,MIGUEL,FERRETIZ,3300 W PARK BLVD,PLANO,TEXAS,75075,11997526,138
A918612,MIGUEL,FERRETIZ,3535 PLAINSMAN LN,BRYAN,TEXAS,77802,11979562,138
A907776,MIGUEL,FERRETIZ,3535 PLAINSMAN LN,BRYAN,TEXAS,77802,11997562,138
A977972,ALYSHA,GUILLEN,3708 CHILES RD,DAVIS,CALIFORNIA,95618,12010147,139
A977683,RICHARD,TABLADA,5550 SPRINGHLOUSE DR,PLEASANTON,CALIFORNIA,94588,12010982,140
A975814,A,DICK,1103 CHAMISE CT,HEMET,CALIFORNIA,92545,12100928,140
A969441,RICHARD,TABLADA,5550 SPRINGHOUSE DR,PLEASANTON,CALIFORNIA,94588,12010928,140
A966276,A,TABLADA,1103 CHAMISE CT,HEMET,CALIFORNIA,92545,12010928,140
A961011,RICHARD,TABLAAD,5550 SPRINGHOUSE DR,PLEASANTON,CALIFORNIA,94588,12010928,140
A907367,A,TABLADA,110M3 CHAMISE CT,HEMET,CALIFORNIA,92545,12019028,140
A981647,L,TREZONA,1500 TWBIN OAKS CT,CLEBURNE,TEXAS,76033,12011589,141
A979033,SUSAN,TREZONA,1500 TWIN AKS CT,CLEBURNE,TEXAS,76033,12011589,141
A970263,S,TREZONA,7021 CROWN RIDGE DR,EL PASO,TEXAS,79912,102011589,141
A966296,L,TREZONA,2501 GEROL DR,GATLVESTON,TEXAS,77551,,141
A959270,SUSAN,TREZONA,14777 WUNDERLICH DR,HOUSTON,TEXAS,77069,12011589,141
A947260,SUSANNAH,TREZONA,1500 TWIN OAKS CT,CLEBURNE,TEXAS,76033,12011589,141
A914812,USSAN,TREZONA,2423 THRASHER OAK,SAN ANTONIO,TEXAS,78232,12011589,141
A911150,SUSAN,TREZONA,2713 PAWNEE DR,AMARILLO,TEXAS,79109,,141
A971641,RAUL,WAYALA,679 HILLTOP DR,REDDING,CALIFORNIA,96003,12023519,142
A961007,RAUL,AYALA,679 HILLTOP DR,REDDING,CALIFORNIA,96003,,142
A958602,RAUL,AYALA,7021 CROWN RIDGE DR,EL PASO,TEXAS,79912,12023519,142
A918999,RAUL,AYAAL,13751 EDWARDS ST,WESTMINSTER,CALIFORNIA,92683,12023519,142
A998445,AMPARO,SOLIZ-FAJARDO,5032 E TYLER AVE,FRESNO,CALIFORKNIA,93727,,143
A966570,AMPARO,WEICHERT,653 ROYAL STEWART DR,PLACENTIA,CALIFORNIA,92870,10240812,143
A947745,AMPARO,WEICHERT,032 E TYLER AVE,RESNO,CALIFORNIA,93727,12040812,143
A942592,AMPARO,WEICHERT,653 ROYAL STEWART DR,PLACENTIA,CALIFORNIA,92870,12040812,143
A925791,AMPARO,WEICHERT,223 RIKER TER,SALINAS,CALIFORNIA,93901,,143
A917765,AMPARO,WEICHERT,223 RIKER TER,SALINAS,CALIFORNIA,93901,12040812,143
A996966,DARRELL,SOLIZ-FAJARDO,5032 E TYLER AVE,FRESNO,CALIFORNIA,93727,,144
A978637,DARRELL,SOLIZ-FAJARDO,2270 FAXNTASY LN,SAN YSIDRO,CALIFORNIA,92173,12069502,144
A966796,DARRELL,SOLIZ-FAJARDO,Y369 VEGA RD,WATSONVILLE 950Y76,CALIFORNIA,,,144
A955864,DARRELL,SOLIZ-FAJARDO,4308 RADNOR AVE,LAKEWOOD,CALIFORNIA,90713,12069502,144
A930793,DARRELL,SOLI-ZFAJARDO,5032 E TYLER AVE,FRESNO,CALIFORNIA,93727,12069502,144
A915875,DRARELL,SOLIZ-FAJARDO,4308 RADNOR AVE,LAKEWOOD,CALIFORNIA,90713,,144
A908674,DARRELL,SOLIZ-AFJARDO,5032 E TYLER AVE,FRESNO,CALIFORNIA,93727,12069502,144
A905190,DARRELL,SOLIZ-FAJARDO,4308 RADNOR VE,LAKEWOOD 90713Z,CALIFORNIA,,21069502,144
A996797,C,HERMOSILLO,648 NATURE TRAIL WAY,ELK GROVE,CALIFORNIA,95757,12081568,145
A986727,C,DANA,3209 W SAN CARLOS ST,TAMPA,FLORIDA,33629,102085168,145
A968257,DANA,HERMOSILLO,13739 ORTEGA LNZ,HOUSTON,TEXAS,77083,,145
A967926,DANA,HERMOSILLO,117 W POINT LOOP,WEST POINT,TEXAS,78963,12085168,145
A965916,DANA,HERMOSILLO,2309 BALLEYBRPOOKE DR,LEWISVILLE,TEXAS,75077,12085168,145
A957817,D,HERMOSILLO,3209 W MSAN CARLOS ST,TAMPA,FLORIDA,3329,,145
A945842,C,HERMOSILLO,13739 ORTEGA LN,HOUSTN,TEXAS,77083,12085168,145
A932257,C,DAAN,117 W POINT LOOP,WEST POINT,TEXAS,78963,,145
A914877,DANA,HERMOSILLO,3669 FANWOOD AVE,LONG BEACH,TCA,90808,,145
A909078,D,HERMOSILLO,3209 W SAN CARLOS ST,TAMCPA,FLORIDA,33629,12058168,145
A985782,MIKE,MBELTRAN,3669 FANWOOD AVE,LONG BEACH,CALIFORNIA,90808,,146
A982361,MIKE,BELTRAN,3669 FANWOOD AVE,LONG BEACH,CALIFORNIA,90808,12086422,146
A981036,N,BELTARN,3669 FANWOOD AVE,LONG BEACH,CALIFORNIA,9008,12068422,146
A941482,MICHAEL,BELTRAN,1801 N FLAGLER DR,WEST PALM BEACH,FLORIDA,33407,12086422,146
A925834,MCIHAEL,BELTRNA,1801 N FLAGLER DR,WEST PALM BEACH,FLORIDA,33407,,146
A922932,N,BELTRAN,9648 NATURE TRAIL WY,ELK GROVE,CALIFORNIA,95757,,146
A959980,CAROLINA,HOCK,38154 FREMONT BLVD,FREMONT,CALIFORNIA,9536,10287833,147
A950008,CAROLINA,HOCK,38154 FREMONT BLVD,FREMONT,CALIFORNIA,94536,12087833,147
A949652,CAROLINA,HOCK,21319 ISLAND AVE,CARSON,CALIFORNIA,90745,12087833,147
A938417,CAROLINA,STURDEVANT,21319 ISLAND AVE,CARSON,CALIFORNIA,90745,,147
A917405,CAROLINA,HOCK,38154 FREMONT BLVD,FREMONT,CALIFORNIA,94536,12087833,147
A992954,SAMANTHA,STURDEVANT,4119 STA,HUNTINGTON PARK,CALI,9025,,148
A967178,D,STURDEVANT,1145 W 84TH ST,LOS ANGELES,CALI,90044,12103970,148
A928956,SAMANTHA,STURDEVANT,21319 ISLARND AVE,CARSON,CALIFORNIA,90745,12130970,148
A909391,SAMMY,STURDEVANT,1296 DAVID DR,OAKDALE,CALIFORNIA,95361,12103970,148
A994849,RONDA,RUTHERFORD,1649 S OHOBART BLVD,LOS ANGELES,CALIFORNIA,90006,12104601,149
A992227,RONDA,RODRIGUEZZ,1649 S HOBARKT BLVD,LOS ANGELES,CAO,90006,12104601,149
A988502,RONDA,RUTHERFORD,4809 MAPLEPLAIN AVE,ELK GROVE 9575M8,CALIFORNIA,,12104601,149
A947249,RONDA,RUTHERFORD,4Q821 GARDENBROOK LN,ORLANDO,FLORIDA,32821,12140601,149
A938956,RONDA,RODRIGUEZ,4821 GARDENBROOK LN,ORLANDO 3282K1,FLORIDA,,12106401,149
A922774,RONDA,RUTHERFORD,4821 GARDENBROOK LN,ORLANDO,FLORIDA,32821,12140601,149
A918897,RONDA,RUTHERFORD,1649 S HOBART BLVD,LOS ANGELES,CALIFORNIA,90006,102104601,149
A956786,ALXE,RODRIGUEZ,4821 GARDENBROOK LN,ORLANDO L,,32821,11210030,150
A915482,ALEX,RODRIGUEZ,4821 GARDENBROOK LN,ORLANDO,FLORIDA,32821,,150
A908925,ALEX,RODRIGUEZ,4821 GARDENBROOK LN,ORLANDO,FLORIDA,32821,12110300,150
